k,T,lb,n_N,N_max,lcc_pct,lcc_src,transitivity,uv_shoulder,ir_plateau,ir_flatness,uv_conf,uv_resid_vs_4Dtorus,ir_resid_vs_4Dtorus,flat_score,flow_score,ir_dir,uv_dir,flat_dir,verdict,N_list
8,0.0,0.995,3,256000,99.8,meta,0.0610,2.157,3.891,0.188,in_window,-0.008,-0.157,72.8,0.7,flat,flat,down,FLAT-4D (73),16000;64000;256000
9,0.0,0.995,3,256000,100.0,meta,0.0513,2.127,4.446,0.479,in_window,0.040,0.044,55.4,0.0,flat,flat,up,weak (flat 55),16000;64000;256000
10,0.004,0.99,1,16000,100.0,meta,0.1040,2.171,4.242,0.152,in_window,0.085,-0.257,49.1,0.0,?,?,?,weak (flat 49),16000
10,0.001,0.99,1,16000,100.0,meta,0.1842,2.144,2.977,0.466,in_window,0.123,-0.023,34.0,0.0,?,?,?,neither,16000
11,0.005,0.995,3,256000,100.0,meta,0.0913,2.214,3.634,0.341,in_window,0.125,-0.353,32.6,0.0,flat,flat,up,neither,16000;64000;256000
9,0.004,0.99,1,16000,100.0,meta,0.1493,2.139,3.141,0.385,in_window,0.055,-0.223,26.6,0.0,?,?,?,neither,16000
11,0.001,0.99,1,16000,100.0,meta,0.1333,2.163,3.995,0.212,in_window,0.128,-0.432,22.1,0.0,?,?,?,neither,16000
9,0.001,0.99,1,16000,100.0,meta,0.1343,2.145,3.375,0.312,in_window,0.049,-0.459,20.9,0.0,?,?,?,neither,16000
8,0.004,0.99,1,16000,99.8,meta,0.1376,2.106,3.033,0.387,in_window,-0.006,0.137,19.8,0.2,?,?,?,neither,16000
4,0.03,0.999,2,64000,99.0,meta,0.0190,1.944,3.867,0.891,in_window,-0.290,0.334,11.0,19.0,up,flat,up,neither,16000;64000
8,0.005,0.999,3,256000,99.9,meta,0.0083,2.143,1.795,1.167,in_window,0.036,-0.704,10.8,0.0,down,flat,up,neither,16000;64000;256000
9,0.005,0.999,3,256000,99.9,meta,0.0076,2.225,2.396,1.897,in_window,0.090,0.257,10.7,0.0,down,flat,up,neither,16000;64000;256000
8,0.001,0.999,1,16000,99.2,meta,0.0249,2.184,4.298,0.995,in_window,0.029,0.069,9.7,0.0,?,?,?,neither,16000
9,0.004,0.999,1,16000,99.3,meta,0.0223,2.211,5.385,0.771,in_window,0.080,0.887,9.1,0.0,?,?,?,neither,16000
7,0.001,0.999,1,16000,98.7,meta,0.0300,2.124,3.301,0.905,in_window,-0.023,-0.682,7.5,0.5,?,?,?,neither,16000
5,0.005,0.999,3,256000,97.7,meta,0.0332,2.029,2.520,0.451,in_window,-0.161,-0.540,7.4,2.0,up,flat,flat,neither,16000;64000;256000
7,0.016,0.999,1,16000,98.8,meta,0.0260,2.118,4.133,0.822,in_window,-0.025,-0.030,6.4,0.5,?,?,?,neither,16000
5,0.016,0.999,1,16000,90.9,meta,0.0804,2.008,1.692,0.394,in_window,-0.144,-0.561,5.0,0.6,?,?,?,neither,16000
9,0.005,0.99,3,256000,100.0,meta,0.1067,2.117,5.008,0.234,in_window,0.064,0.907,2.9,0.0,up,flat,flat,neither,16000;64000;256000
7,0.015,0.999,3,256000,99.9,meta,0.0078,2.147,2.385,1.542,in_window,-0.022,0.108,2.5,0.2,down,flat,up,neither,16000;64000;256000
12,0.004,0.995,1,16000,100.0,meta,0.0986,2.245,3.697,0.340,in_window,0.165,-0.626,2.0,0.0,?,?,?,neither,16000
5,0.015,0.999,3,256000,98.2,meta,0.0275,2.011,2.541,0.369,in_window,-0.154,-0.588,1.9,0.5,up,flat,flat,neither,16000;64000;256000
10,0.005,0.995,3,256000,99.8,meta,0.1069,2.136,3.062,0.468,in_window,0.078,-0.662,1.7,0.0,flat,flat,up,neither,16000;64000;256000
8,0.004,0.999,1,16000,99.0,meta,0.0247,2.188,5.051,0.832,in_window,0.030,0.605,1.6,0.0,?,?,?,neither,16000
7,0.0,0.995,3,256000,99.8,meta,0.0724,2.098,3.181,0.252,in_window,-0.055,-0.633,0.4,0.0,flat,flat,up,neither,16000;64000;256000
10,0.001,0.95,1,16000,100.0,meta,0.1435,2.188,5.247,0.569,in_window,0.107,2.223,0.0,0.0,?,?,?,neither,16000
10,0.001,0.995,1,16000,99.6,meta,0.1544,2.149,2.278,0.446,in_window,0.079,-1.495,0.0,0.0,?,?,?,neither,16000
10,0.001,0.999,1,16000,99.4,meta,0.0162,2.239,6.673,0.640,in_window,0.136,2.705,0.0,0.0,?,?,?,neither,16000
10,0.004,0.95,1,16000,100.0,meta,0.1128,2.193,5.571,0.670,in_window,0.105,2.580,0.0,0.0,?,?,?,neither,16000
10,0.004,0.995,1,16000,99.8,meta,0.1610,2.144,2.200,0.422,in_window,0.079,-1.531,0.0,0.0,?,?,?,neither,16000
10,0.004,0.999,1,16000,99.4,meta,0.0154,2.234,6.721,0.635,in_window,0.135,2.817,0.0,0.0,?,?,?,neither,16000
10,0.005,0.95,3,256000,100.0,meta,0.0947,2.197,6.306,1.154,in_window,0.112,5.254,0.0,0.0,flat,flat,up,neither,16000;64000;256000
10,0.005,0.999,3,256000,99.9,meta,0.0060,2.224,8.472,1.416,in_window,0.151,5.435,0.0,0.0,up,flat,up,neither,16000;64000;256000
10,0.005,0.99,3,256000,100.0,meta,0.0947,2.149,5.382,0.297,in_window,0.129,1.798,0.0,0.0,up,flat,up,neither,16000;64000;256000
10,0.015,0.95,3,256000,100.0,meta,0.0004,2.205,7.156,1.717,in_window,0.119,7.310,0.0,0.0,up,flat,up,neither,16000;64000;256000
10,0.015,0.995,3,256000,100.0,meta,0.0027,2.166,6.771,1.701,in_window,0.110,7.140,0.0,0.0,flat,flat,up,neither,16000;64000;256000
10,0.015,0.999,3,256000,100.0,meta,0.0036,2.222,7.574,1.675,in_window,0.153,7.201,0.0,0.0,up,flat,up,neither,16000;64000;256000
10,0.015,0.99,3,256000,100.0,meta,0.0019,2.175,7.036,1.711,in_window,0.111,7.191,0.0,0.0,up,flat,up,neither,16000;64000;256000
10,0.015,0.9,3,256000,100.0,meta,0.0002,2.218,7.064,1.666,in_window,0.123,7.094,0.0,0.0,up,flat,up,neither,16000;64000;256000
10,0.016,0.95,1,16000,100.0,meta,0.0027,2.179,5.852,1.239,in_window,0.103,4.433,0.0,0.0,?,?,?,neither,16000
10,0.016,0.995,1,16000,100.0,meta,0.0052,2.177,5.870,1.239,in_window,0.103,4.411,0.0,0.0,?,?,?,neither,16000
10,0.016,0.999,1,16000,99.7,meta,0.0078,2.217,6.166,1.160,in_window,0.134,4.250,0.0,0.0,?,?,?,neither,16000
10,0.016,0.99,1,16000,100.0,meta,0.0040,2.177,5.712,1.244,in_window,0.103,4.437,0.0,0.0,?,?,?,neither,16000
10,0.016,0.9,1,16000,100.0,meta,0.0016,2.193,5.987,1.250,in_window,0.106,4.484,0.0,0.0,?,?,?,neither,16000
10,0.03,0.95,2,64000,100.0,meta,0.0009,2.183,6.564,1.457,in_window,0.123,5.882,0.0,0.0,flat,flat,up,neither,16000;64000
10,0.03,0.995,2,64000,100.0,meta,0.0034,2.232,6.444,1.431,in_window,0.112,5.721,0.0,0.0,flat,flat,up,neither,16000;64000
10,0.03,0.999,2,64000,100.0,meta,0.0039,2.230,6.740,1.468,in_window,0.156,5.885,0.0,0.0,flat,flat,up,neither,16000;64000
10,0.03,0.99,2,64000,100.0,meta,0.0028,2.236,6.563,1.439,in_window,0.113,5.695,0.0,0.0,flat,flat,up,neither,16000;64000
10,0.03,0.9,2,64000,100.0,meta,0.0005,2.200,6.610,1.451,in_window,0.127,5.875,0.0,0.0,flat,flat,up,neither,16000;64000
10,0.05,0.95,2,64000,100.0,meta,0.0009,2.223,6.617,1.468,in_window,0.131,5.852,0.0,0.0,flat,flat,up,neither,16000;64000
10,0.05,0.995,2,64000,100.0,meta,0.0031,2.211,6.651,1.459,in_window,0.118,5.832,0.0,0.0,flat,flat,up,neither,16000;64000
10,0.05,0.999,2,64000,100.0,meta,0.0036,2.217,6.854,1.467,in_window,0.164,5.855,0.0,0.0,flat,flat,up,neither,16000;64000
10,0.05,0.99,2,64000,100.0,meta,0.0026,2.194,6.697,1.461,in_window,0.118,5.847,0.0,0.0,flat,flat,up,neither,16000;64000
10,0.05,0.9,2,64000,100.0,meta,0.0005,2.241,6.746,1.457,in_window,0.135,5.865,0.0,0.0,flat,flat,up,neither,16000;64000
10,0.0,0.95,3,256000,100.0,meta,0.1657,2.173,5.403,1.218,in_window,0.118,4.864,0.0,0.0,flat,flat,up,neither,16000;64000;256000
10,0.0,0.995,3,256000,100.0,meta,0.0448,2.130,5.473,0.197,in_window,0.090,1.051,0.0,0.0,flat,flat,down,neither,16000;64000;256000
10,0.0,0.999,3,256000,86.9,meta,0.2292,0.628,1.423,0.954,in_window,0.304,4.066,0.0,0.0,up,down,up,REJECT: LCC 87% < 90%,16000;64000;256000
10,0.0,0.99,3,256000,100.0,meta,0.0429,2.150,7.060,0.467,in_window,0.118,3.571,0.0,0.0,flat,flat,flat,neither,16000;64000;256000
10,0.0,0.9,3,256000,100.0,meta,0.1338,2.171,6.149,1.335,in_window,0.108,5.721,0.0,0.0,flat,flat,up,neither,16000;64000;256000
11,0.001,0.995,1,16000,99.9,meta,0.1384,2.157,2.652,0.287,in_window,0.124,-1.369,0.0,0.0,?,?,?,neither,16000
11,0.001,0.999,1,16000,99.6,meta,0.0143,2.231,6.662,0.857,in_window,0.178,3.402,0.0,0.0,?,?,?,neither,16000
11,0.004,0.95,1,16000,100.0,meta,0.1070,2.180,5.785,0.726,in_window,0.157,2.762,0.0,0.0,?,?,?,neither,16000
11,0.004,0.995,1,16000,100.0,meta,0.1145,2.169,3.146,0.285,in_window,0.125,-1.036,0.0,0.0,?,?,?,neither,16000
11,0.004,0.999,1,16000,99.7,meta,0.0128,2.241,6.466,0.983,in_window,0.181,3.510,0.0,0.0,?,?,?,neither,16000
11,0.005,0.999,3,256000,99.9,meta,0.0052,2.206,7.845,1.652,in_window,0.198,6.998,0.0,0.0,up,flat,up,neither,16000;64000;256000
11,0.005,0.99,3,256000,100.0,meta,0.0806,2.226,5.667,0.470,in_window,0.190,2.777,0.0,0.0,flat,flat,up,neither,16000;64000;256000
11,0.015,0.95,3,256000,100.0,meta,0.0005,2.197,7.282,1.699,in_window,0.167,7.256,0.0,0.0,up,flat,up,neither,16000;64000;256000
11,0.015,0.995,3,256000,100.0,meta,0.0026,2.185,7.020,1.673,in_window,0.158,7.140,0.0,0.0,flat,flat,up,neither,16000;64000;256000
11,0.015,0.999,3,256000,100.0,meta,0.0033,2.218,7.332,1.732,in_window,0.203,7.229,0.0,0.0,up,flat,up,neither,16000;64000;256000
11,0.015,0.99,3,256000,100.0,meta,0.0018,2.188,7.139,1.683,in_window,0.159,7.184,0.0,0.0,up,flat,up,neither,16000;64000;256000
11,0.015,0.9,3,256000,100.0,meta,0.0002,2.214,7.051,1.695,in_window,0.172,7.084,0.0,0.0,up,flat,up,neither,16000;64000;256000
11,0.016,0.95,1,16000,100.0,meta,0.0031,2.188,6.074,1.230,in_window,0.148,4.529,0.0,0.0,?,?,?,neither,16000
11,0.016,0.995,1,16000,100.0,meta,0.0052,2.187,6.125,1.231,in_window,0.148,4.518,0.0,0.0,?,?,?,neither,16000
11,0.016,0.999,1,16000,99.7,meta,0.0070,2.234,6.125,1.218,in_window,0.190,4.465,0.0,0.0,?,?,?,neither,16000
11,0.016,0.99,1,16000,100.0,meta,0.0042,2.191,6.012,1.234,in_window,0.149,4.543,0.0,0.0,?,?,?,neither,16000
11,0.016,0.9,1,16000,100.0,meta,0.0016,2.211,5.907,1.237,in_window,0.150,4.458,0.0,0.0,?,?,?,neither,16000
11,0.03,0.95,2,64000,100.0,meta,0.0010,2.189,6.681,1.499,in_window,0.171,5.924,0.0,0.0,flat,flat,up,neither,16000;64000
11,0.03,0.995,2,64000,100.0,meta,0.0033,2.240,6.818,1.447,in_window,0.160,5.799,0.0,0.0,flat,flat,up,neither,16000;64000
11,0.03,0.999,2,64000,100.0,meta,0.0038,2.229,7.061,1.457,in_window,0.204,5.904,0.0,0.0,up,flat,up,neither,16000;64000
11,0.03,0.99,2,64000,100.0,meta,0.0029,2.242,6.675,1.418,in_window,0.160,5.726,0.0,0.0,flat,flat,up,neither,16000;64000
11,0.03,0.9,2,64000,100.0,meta,0.0005,2.210,6.656,1.465,in_window,0.174,5.854,0.0,0.0,flat,flat,up,neither,16000;64000
11,0.05,0.95,2,64000,100.0,meta,0.0010,2.227,7.039,1.442,in_window,0.178,5.859,0.0,0.0,up,flat,up,neither,16000;64000
11,0.05,0.995,2,64000,100.0,meta,0.0030,2.177,7.207,1.485,in_window,0.168,5.837,0.0,0.0,up,flat,up,neither,16000;64000
11,0.05,0.999,2,64000,100.0,meta,0.0036,2.247,6.949,1.461,in_window,0.216,5.829,0.0,0.0,flat,flat,up,neither,16000;64000
11,0.05,0.99,2,64000,100.0,meta,0.0026,2.180,6.832,1.474,in_window,0.168,5.880,0.0,0.0,flat,flat,up,neither,16000;64000
11,0.05,0.9,2,64000,100.0,meta,0.0006,2.248,6.786,1.452,in_window,0.184,5.896,0.0,0.0,flat,flat,up,neither,16000;64000
11,0.0,0.95,3,256000,100.0,meta,0.1507,2.174,5.858,1.110,in_window,0.168,4.864,0.0,0.0,flat,flat,up,neither,16000;64000;256000
11,0.0,0.995,3,256000,100.0,meta,0.0399,2.195,6.220,0.349,in_window,0.140,1.599,0.0,0.0,flat,flat,up,neither,16000;64000;256000
11,0.0,0.999,3,256000,90.4,meta,0.2162,0.657,1.471,0.979,in_window,0.448,4.225,0.0,0.0,up,down,up,neither,16000;64000;256000
11,0.0,0.99,3,256000,100.0,meta,0.1966,2.174,4.550,0.450,in_window,0.222,1.509,0.0,0.0,up,flat,flat,neither,16000;64000;256000
11,0.0,0.9,3,256000,100.0,meta,0.1227,2.186,6.510,1.334,in_window,0.161,5.872,0.0,0.0,flat,flat,up,neither,16000;64000;256000
12,0.001,0.999,1,16000,99.6,meta,0.0125,2.216,6.490,1.040,in_window,0.230,3.725,0.0,0.0,?,?,?,neither,16000
12,0.004,0.999,1,16000,99.6,meta,0.0111,2.222,6.417,1.102,in_window,0.231,4.060,0.0,0.0,?,?,?,neither,16000
12,0.005,0.999,3,256000,100.0,meta,0.0055,2.266,8.359,1.597,in_window,0.244,6.663,0.0,0.0,up,flat,up,neither,16000;64000;256000
12,0.015,0.95,2,64000,100.0,meta,0.0011,2.246,7.047,1.457,in_window,0.207,5.917,0.0,0.0,flat,flat,up,neither,16000;64000
12,0.015,0.995,2,64000,100.0,meta,0.0046,2.225,6.976,1.445,in_window,0.201,5.823,0.0,0.0,flat,flat,up,neither,16000;64000
12,0.015,0.99,2,64000,100.0,meta,0.0035,2.224,7.022,1.447,in_window,0.201,5.846,0.0,0.0,flat,flat,up,neither,16000;64000
12,0.015,0.9,2,64000,100.0,meta,0.0007,2.268,6.984,1.454,in_window,0.213,5.925,0.0,0.0,flat,flat,flat,neither,16000;64000
12,0.016,0.95,1,16000,100.0,meta,0.0031,2.274,6.338,1.216,in_window,0.195,4.610,0.0,0.0,?,?,?,neither,16000
12,0.016,0.995,1,16000,100.0,meta,0.0052,2.272,6.161,1.212,in_window,0.194,4.575,0.0,0.0,?,?,?,neither,16000
12,0.016,0.99,1,16000,100.0,meta,0.0041,2.270,6.168,1.214,in_window,0.194,4.585,0.0,0.0,?,?,?,neither,16000
12,0.016,0.9,1,16000,100.0,meta,0.0017,2.206,6.080,1.269,in_window,0.201,4.670,0.0,0.0,?,?,?,neither,16000
12,0.03,0.95,2,64000,100.0,meta,0.0010,2.183,6.848,1.454,in_window,0.218,5.888,0.0,0.0,flat,flat,up,neither,16000;64000
12,0.03,0.995,2,64000,100.0,meta,0.0033,2.241,7.281,1.462,in_window,0.205,5.969,0.0,0.0,up,flat,up,neither,16000;64000
12,0.03,0.999,2,64000,100.0,meta,0.0035,2.228,6.731,1.479,in_window,0.263,5.921,0.0,0.0,flat,flat,up,neither,16000;64000
12,0.03,0.99,2,64000,100.0,meta,0.0026,2.245,6.721,1.454,in_window,0.208,5.757,0.0,0.0,flat,flat,up,neither,16000;64000
12,0.03,0.9,2,64000,100.0,meta,0.0006,2.196,6.998,1.470,in_window,0.222,5.907,0.0,0.0,up,flat,up,neither,16000;64000
12,0.05,0.95,2,64000,100.0,meta,0.0011,2.228,6.757,1.478,in_window,0.234,5.878,0.0,0.0,flat,flat,up,neither,16000;64000
12,0.05,0.995,2,64000,100.0,meta,0.0033,2.249,6.795,1.466,in_window,0.217,5.884,0.0,0.0,flat,flat,up,neither,16000;64000
12,0.05,0.999,2,64000,100.0,meta,0.0035,2.209,7.122,1.483,in_window,0.268,5.946,0.0,0.0,flat,flat,up,neither,16000;64000
12,0.05,0.99,2,64000,100.0,meta,0.0026,2.251,6.881,1.479,in_window,0.218,5.903,0.0,0.0,flat,flat,up,neither,16000;64000
12,0.05,0.9,2,64000,100.0,meta,0.0006,2.260,7.151,1.483,in_window,0.243,5.975,0.0,0.0,flat,flat,up,neither,16000;64000
12,0.0,0.95,3,256000,100.0,meta,0.1380,2.171,6.242,1.075,in_window,0.220,4.987,0.0,0.0,flat,flat,up,neither,16000;64000;256000
12,0.0,0.995,3,256000,99.9,meta,0.1932,2.152,2.305,0.716,in_window,0.153,-1.040,0.0,0.0,flat,flat,up,neither,16000;64000;256000
12,0.0,0.999,3,256000,93.7,meta,0.2025,1.296,1.323,0.998,in_window,0.414,2.137,0.0,0.0,up,down,up,neither,16000;64000;256000
12,0.0,0.99,3,256000,100.0,meta,0.0364,2.201,7.747,0.982,in_window,0.210,4.734,0.0,0.0,up,flat,flat,neither,16000;64000;256000
12,0.0,0.9,3,256000,100.0,meta,0.1131,2.178,6.702,1.339,in_window,0.215,5.918,0.0,0.0,flat,flat,up,neither,16000;64000;256000
2,0.001,0.95,1,16000,93.4,meta,0.0001,1.072,1.174,0.091,in_window,-1.690,nan,0.0,0.0,?,?,?,neither,16000
2,0.001,0.995,1,16000,94.3,meta,0.0006,1.119,1.349,0.203,in_window,-1.689,nan,0.0,0.0,?,?,?,neither,16000
2,0.001,0.999,1,16000,50.2,meta,0.0719,1.042,1.182,0.110,in_window,-1.364,1.412,0.0,0.0,?,?,?,REJECT: LCC 50% < 90%,16000
2,0.001,0.99,1,16000,95.0,meta,0.0003,1.098,1.265,0.151,in_window,-1.690,nan,0.0,0.0,?,?,?,neither,16000
2,0.001,0.9,1,16000,94.0,meta,0.0000,1.075,1.182,0.098,in_window,-1.691,nan,0.0,0.0,?,?,?,neither,16000
2,0.004,0.95,1,16000,92.6,meta,0.0001,1.066,1.166,0.089,in_window,-1.690,1.337,0.0,0.0,?,?,?,neither,16000
2,0.004,0.995,1,16000,82.0,meta,0.0939,1.082,1.231,0.122,in_window,-1.584,1.519,0.0,0.0,?,?,?,REJECT: LCC 82% < 90%,16000
2,0.004,0.999,1,16000,47.6,meta,0.0777,1.044,1.183,0.109,in_window,-1.358,1.409,0.0,0.0,?,?,?,REJECT: LCC 48% < 90%,16000
2,0.004,0.99,1,16000,95.2,meta,0.0004,1.104,1.282,0.161,in_window,-1.690,nan,0.0,0.0,?,?,?,neither,16000
2,0.004,0.9,1,16000,95.6,meta,0.0001,1.082,1.208,0.114,in_window,-1.692,nan,0.0,0.0,?,?,?,neither,16000
2,0.005,0.95,3,256000,96.0,meta,0.0001,1.083,1.330,0.274,in_window,-1.909,nan,0.0,0.0,flat,flat,up,neither,16000;64000;256000
2,0.005,0.995,3,256000,84.1,meta,0.0844,1.091,1.400,0.340,in_window,-1.682,2.302,0.0,0.0,flat,flat,up,REJECT: LCC 84% < 90%,16000;64000;256000
2,0.005,0.999,3,256000,76.6,meta,0.0328,1.116,1.629,0.646,in_window,-1.629,3.433,0.0,0.0,up,flat,up,REJECT: LCC 77% < 90%,16000;64000;256000
2,0.005,0.99,3,256000,93.7,meta,0.0003,1.093,1.386,0.334,in_window,-1.908,nan,0.0,0.0,flat,flat,up,neither,16000;64000;256000
2,0.005,0.9,3,256000,98.4,meta,0.0000,1.103,1.440,0.401,in_window,-1.907,nan,0.0,0.0,up,flat,up,neither,16000;64000;256000
2,0.015,0.95,3,256000,94.7,meta,0.0001,1.075,1.275,0.241,in_window,-1.909,nan,0.0,0.0,flat,flat,up,neither,16000;64000;256000
2,0.015,0.995,3,256000,93.8,meta,0.0006,1.120,1.525,0.497,in_window,-1.907,nan,0.0,0.0,flat,flat,up,neither,16000;64000;256000
2,0.015,0.999,3,256000,74.6,meta,0.0380,1.097,1.558,0.546,in_window,-1.628,3.084,0.0,0.0,up,flat,up,REJECT: LCC 75% < 90%,16000;64000;256000
2,0.015,0.99,3,256000,93.3,meta,0.0003,1.089,1.363,0.310,in_window,-1.908,nan,0.0,0.0,flat,flat,up,neither,16000;64000;256000
2,0.015,0.9,3,256000,97.9,meta,0.0001,1.097,1.408,0.356,in_window,-1.907,nan,0.0,0.0,up,flat,up,neither,16000;64000;256000
2,0.016,0.95,1,16000,91.8,meta,0.0000,1.067,1.159,0.080,in_window,-1.689,1.311,0.0,0.0,?,?,?,neither,16000
2,0.016,0.995,1,16000,95.0,meta,0.0008,1.125,1.382,0.216,in_window,-1.689,nan,0.0,0.0,?,?,?,neither,16000
2,0.016,0.999,1,16000,54.2,meta,0.0719,1.055,1.212,0.129,in_window,-1.371,1.497,0.0,0.0,?,?,?,REJECT: LCC 54% < 90%,16000
2,0.016,0.99,1,16000,95.1,meta,0.0002,1.102,1.277,0.152,in_window,-1.689,nan,0.0,0.0,?,?,?,neither,16000
2,0.016,0.9,1,16000,95.3,meta,0.0001,1.080,1.204,0.110,in_window,-1.691,nan,0.0,0.0,?,?,?,neither,16000
2,0.03,0.95,2,64000,96.1,meta,0.0001,1.086,1.273,0.185,in_window,-1.805,1.740,0.0,0.0,flat,flat,up,neither,16000;64000
2,0.03,0.995,2,64000,93.6,meta,0.0009,1.119,1.438,0.307,in_window,-1.803,2.219,0.0,0.0,flat,flat,up,neither,16000;64000
2,0.03,0.999,2,64000,71.9,meta,0.0415,1.095,1.428,0.334,in_window,-1.515,2.291,0.0,0.0,flat,flat,up,REJECT: LCC 72% < 90%,16000;64000
2,0.03,0.99,2,64000,93.3,meta,0.0004,1.090,1.298,0.210,in_window,-1.804,1.837,0.0,0.0,flat,flat,up,neither,16000;64000
2,0.03,0.9,2,64000,95.0,meta,0.0001,1.081,1.265,0.175,in_window,-1.805,1.695,0.0,0.0,flat,flat,up,neither,16000;64000
2,0.05,0.95,2,64000,93.2,meta,0.0002,1.068,1.206,0.138,in_window,-1.804,1.555,0.0,0.0,flat,flat,up,neither,16000;64000
2,0.05,0.995,2,64000,93.4,meta,0.0008,1.108,1.398,0.281,in_window,-1.713,2.128,0.0,0.0,flat,flat,up,neither,16000;64000
2,0.05,0.999,2,64000,73.2,meta,0.0555,1.135,1.454,0.339,in_window,-1.513,2.327,0.0,0.0,up,flat,up,REJECT: LCC 73% < 90%,16000;64000
2,0.05,0.99,2,64000,94.6,meta,0.0004,1.094,1.330,0.222,in_window,-1.759,1.885,0.0,0.0,flat,flat,up,neither,16000;64000
2,0.05,0.9,2,64000,95.2,meta,0.0001,1.081,1.259,0.172,in_window,-1.805,1.692,0.0,0.0,flat,flat,up,neither,16000;64000
2,0.064,0.95,1,16000,91.8,meta,0.0001,1.068,1.167,0.088,in_window,-1.597,1.387,0.0,0.0,?,?,?,neither,16000
2,0.064,0.995,1,16000,91.4,meta,0.0008,1.091,1.257,0.148,in_window,-1.549,1.605,0.0,0.0,?,?,?,neither,16000
2,0.064,0.999,1,16000,78.0,meta,0.0519,1.166,1.450,0.288,in_window,-1.403,2.150,0.0,0.0,?,?,?,REJECT: LCC 78% < 90%,16000
2,0.064,0.99,1,16000,94.4,meta,0.0003,1.092,1.250,0.144,in_window,-1.689,nan,0.0,0.0,?,?,?,neither,16000
2,0.064,0.9,1,16000,93.2,meta,0.0002,1.073,1.187,0.108,in_window,-1.597,nan,0.0,0.0,?,?,?,neither,16000
2,0.0,0.95,3,256000,90.3,meta,0.0808,1.218,2.094,1.393,in_window,-1.879,6.097,0.0,0.0,up,flat,up,neither,16000;64000;256000
2,0.0,0.995,3,256000,86.0,meta,0.0928,1.142,1.631,0.632,in_window,-1.895,3.397,0.0,0.0,flat,flat,up,REJECT: LCC 86% < 90%,16000;64000;256000
2,0.0,0.999,3,256000,77.2,meta,0.0327,1.119,1.632,0.667,in_window,-1.630,3.513,0.0,0.0,up,flat,up,REJECT: LCC 77% < 90%,16000;64000;256000
2,0.0,0.99,3,256000,88.8,meta,0.0904,1.175,1.800,0.930,in_window,-1.888,4.474,0.0,0.0,up,flat,up,REJECT: LCC 89% < 90%,16000;64000;256000
2,0.0,0.9,3,256000,91.1,meta,0.0725,1.236,2.148,1.493,in_window,-1.854,6.500,0.0,0.0,up,flat,up,neither,16000;64000;256000
3,0.001,0.95,1,16000,97.3,meta,0.2287,1.447,2.359,0.977,in_window,-0.868,5.027,0.0,0.0,?,?,?,neither,16000
3,0.001,0.995,1,16000,87.1,meta,0.2613,1.096,1.730,0.572,in_window,-1.197,3.236,0.0,0.0,?,?,?,REJECT: LCC 87% < 90%,16000
3,0.001,0.999,1,16000,9.3,meta,0.1820,1.695,1.158,0.125,in_window,-0.400,-1.292,0.0,0.0,?,?,?,REJECT: LCC 9% < 90%,16000
3,0.001,0.99,1,16000,90.8,meta,0.2767,1.136,1.837,0.760,in_window,-1.156,3.966,0.0,0.0,?,?,?,neither,16000
3,0.001,0.9,1,16000,99.9,meta,0.0728,1.662,2.954,1.073,in_window,-0.710,5.880,0.0,0.0,?,?,?,neither,16000
3,0.004,0.95,1,16000,100.0,meta,0.0005,1.711,3.284,1.177,in_window,-0.657,6.337,0.0,0.0,?,?,?,neither,16000
3,0.004,0.995,1,16000,85.4,meta,0.2729,1.067,1.634,0.500,in_window,-1.138,2.957,0.0,0.0,?,?,?,REJECT: LCC 85% < 90%,16000
3,0.004,0.999,1,16000,12.4,meta,0.1845,1.693,1.159,0.098,in_window,-0.373,-1.117,0.0,0.0,?,?,?,REJECT: LCC 12% < 90%,16000
3,0.004,0.99,1,16000,91.1,meta,0.2762,1.138,1.851,0.750,in_window,-1.181,3.928,0.0,0.0,?,?,?,neither,16000
3,0.004,0.9,1,16000,100.0,meta,0.0003,1.719,3.455,1.193,in_window,-0.640,6.360,0.0,0.0,?,?,?,neither,16000
3,0.005,0.95,3,256000,100.0,meta,0.0007,1.696,3.683,1.855,in_window,-0.716,6.895,0.0,0.0,flat,flat,up,neither,16000;64000;256000
3,0.005,0.995,3,256000,85.8,meta,0.2675,1.085,1.952,1.194,in_window,-1.326,5.388,0.0,0.0,flat,flat,up,REJECT: LCC 86% < 90%,16000;64000;256000
3,0.005,0.999,3,256000,60.6,meta,0.1407,1.152,1.549,0.497,in_window,-1.238,2.949,0.0,0.0,up,down,up,REJECT: LCC 61% < 90%,16000;64000;256000
3,0.005,0.99,3,256000,90.6,meta,0.2801,1.138,2.102,1.349,in_window,-1.212,6.016,0.0,0.0,flat,flat,up,neither,16000;64000;256000
3,0.005,0.9,3,256000,100.0,meta,0.0002,1.708,3.895,1.890,in_window,-0.695,6.681,0.0,0.0,up,flat,up,neither,16000;64000;256000
3,0.015,0.95,3,256000,97.9,meta,0.2081,1.499,2.815,1.540,in_window,-0.950,7.011,0.0,0.0,flat,flat,up,neither,16000;64000;256000
3,0.015,0.995,3,256000,86.4,meta,0.2634,1.094,1.985,1.220,in_window,-1.326,5.464,0.0,0.0,up,flat,up,REJECT: LCC 86% < 90%,16000;64000;256000
3,0.015,0.999,3,256000,56.1,meta,0.1441,1.137,1.485,0.420,in_window,-1.233,2.672,0.0,0.0,up,down,up,REJECT: LCC 56% < 90%,16000;64000;256000
3,0.015,0.99,3,256000,91.6,meta,0.2671,1.161,2.163,1.376,in_window,-1.182,6.105,0.0,0.0,flat,flat,up,neither,16000;64000;256000
3,0.015,0.9,3,256000,100.0,meta,0.0002,1.708,3.874,1.901,in_window,-0.695,6.709,0.0,0.0,flat,flat,up,neither,16000;64000;256000
3,0.016,0.95,1,16000,97.8,meta,0.2117,1.489,2.355,0.949,in_window,-0.849,4.954,0.0,0.0,?,?,?,neither,16000
3,0.016,0.995,1,16000,87.4,meta,0.2636,1.089,1.742,0.568,in_window,-1.227,3.217,0.0,0.0,?,?,?,REJECT: LCC 87% < 90%,16000
3,0.016,0.999,1,16000,7.1,meta,0.1883,1.699,1.137,0.093,in_window,-0.398,-1.230,0.0,0.0,?,?,?,REJECT: LCC 7% < 90%,16000
3,0.016,0.99,1,16000,91.8,meta,0.2611,1.164,1.927,0.799,in_window,-1.154,4.141,0.0,0.0,?,?,?,neither,16000
3,0.016,0.9,1,16000,100.0,meta,0.0003,1.717,3.380,1.185,in_window,-0.641,6.322,0.0,0.0,?,?,?,neither,16000
3,0.03,0.95,2,64000,100.0,meta,0.0003,1.722,3.519,1.532,in_window,-0.690,6.924,0.0,0.0,flat,flat,up,neither,16000;64000
3,0.03,0.995,2,64000,98.7,meta,0.0769,1.657,2.671,1.257,in_window,-0.875,6.124,0.0,0.0,flat,flat,up,neither,16000;64000
3,0.03,0.999,2,64000,81.6,meta,0.1102,1.350,1.822,0.832,in_window,-1.080,4.161,0.0,0.0,up,up,up,REJECT: LCC 82% < 90%,16000;64000
3,0.03,0.99,2,64000,99.7,meta,0.0359,1.677,3.103,1.336,in_window,-0.856,6.695,0.0,0.0,flat,flat,up,neither,16000;64000
3,0.03,0.9,2,64000,100.0,meta,0.0002,1.723,3.616,1.541,in_window,-0.677,6.813,0.0,0.0,flat,flat,up,neither,16000;64000
3,0.05,0.95,2,64000,100.0,meta,0.0005,1.719,3.661,1.510,in_window,-0.677,6.625,0.0,0.0,flat,flat,up,neither,16000;64000
3,0.05,0.995,2,64000,100.0,meta,0.0085,1.721,3.610,1.386,in_window,-0.691,6.592,0.0,0.0,flat,flat,up,neither,16000;64000
3,0.05,0.999,2,64000,99.7,meta,0.0169,1.806,6.176,0.139,in_window,-0.512,3.355,0.0,0.0,up,flat,down,neither,16000;64000
3,0.05,0.99,2,64000,100.0,meta,0.0019,1.725,3.584,1.470,in_window,-0.675,6.592,0.0,0.0,flat,flat,up,neither,16000;64000
3,0.05,0.9,2,64000,100.0,meta,0.0004,1.731,3.728,1.551,in_window,-0.658,6.629,0.0,0.0,flat,flat,up,neither,16000;64000
3,0.064,0.95,1,16000,100.0,meta,0.0008,1.705,3.531,1.179,in_window,-0.642,6.265,0.0,0.0,?,?,?,neither,16000
3,0.064,0.9,1,16000,100.0,meta,0.0005,1.719,3.522,1.206,in_window,-0.624,6.293,0.0,0.0,?,?,?,neither,16000
3,0.0,0.95,3,256000,96.8,meta,0.2499,1.399,2.757,1.526,in_window,-0.994,6.881,0.0,0.0,up,flat,up,neither,16000;64000;256000
3,0.0,0.995,3,256000,95.3,meta,0.1635,1.285,2.216,1.404,in_window,-1.102,6.249,0.0,0.0,flat,flat,up,neither,16000;64000;256000
3,0.0,0.999,3,256000,3.9,meta,0.3354,1.575,1.076,0.099,in_window,-0.328,-1.701,0.0,0.0,flat,flat,up,REJECT: LCC 4% < 90%,16000;64000;256000
3,0.0,0.99,3,256000,92.4,meta,0.2938,1.185,2.275,1.385,in_window,-1.166,6.166,0.0,0.0,up,flat,up,neither,16000;64000;256000
3,0.0,0.9,3,256000,98.5,meta,0.2044,1.590,3.020,1.575,in_window,-0.900,7.268,0.0,0.0,up,flat,up,neither,16000;64000;256000
4,0.001,0.95,1,16000,98.6,meta,0.2799,1.756,2.575,1.023,in_window,-0.514,5.355,0.0,0.0,?,?,?,neither,16000
4,0.001,0.995,1,16000,84.4,meta,0.2260,1.227,1.736,0.683,in_window,-0.770,3.644,0.0,0.0,?,?,?,REJECT: LCC 84% < 90%,16000
4,0.001,0.999,1,16000,64.7,meta,0.1383,1.897,1.186,0.383,in_window,-0.245,-0.317,0.0,0.0,?,?,?,REJECT: LCC 65% < 90%,16000
4,0.001,0.99,1,16000,89.9,meta,0.2633,1.309,1.932,0.801,in_window,-0.706,4.124,0.0,0.0,?,?,?,REJECT: LCC 90% < 90%,16000
4,0.001,0.9,1,16000,99.8,meta,0.2152,1.827,3.050,1.067,in_window,-0.449,5.531,0.0,0.0,?,?,?,neither,16000
4,0.004,0.95,1,16000,98.9,meta,0.2872,1.721,2.567,1.043,in_window,-0.522,5.396,0.0,0.0,?,?,?,neither,16000
4,0.004,0.995,1,16000,78.8,meta,0.2680,1.134,1.647,0.587,in_window,-0.831,3.281,0.0,0.0,?,?,?,REJECT: LCC 79% < 90%,16000
4,0.004,0.999,1,16000,62.6,meta,0.1385,1.745,1.244,0.344,in_window,-0.345,0.224,0.0,0.0,?,?,?,REJECT: LCC 63% < 90%,16000
4,0.004,0.99,1,16000,89.9,meta,0.2639,1.298,1.916,0.789,in_window,-0.680,4.096,0.0,0.0,?,?,?,REJECT: LCC 90% < 90%,16000
4,0.004,0.9,1,16000,99.8,meta,0.2159,1.823,3.060,1.075,in_window,-0.448,5.551,0.0,0.0,?,?,?,neither,16000
4,0.005,0.95,3,256000,98.9,meta,0.2867,1.736,3.000,1.637,in_window,-0.547,7.214,0.0,0.0,up,flat,up,neither,16000;64000;256000
4,0.005,0.995,3,256000,81.3,meta,0.2420,1.188,2.027,1.227,in_window,-0.874,5.497,0.0,0.0,up,flat,up,REJECT: LCC 81% < 90%,16000;64000;256000
4,0.005,0.999,3,256000,95.5,meta,0.0472,1.952,2.653,0.589,in_window,-0.588,4.209,0.0,0.0,up,flat,up,neither,16000;64000;256000
4,0.005,0.99,3,256000,89.8,meta,0.2644,1.300,2.260,1.367,in_window,-0.773,6.084,0.0,0.0,up,flat,up,REJECT: LCC 90% < 90%,16000;64000;256000
4,0.005,0.9,3,256000,99.8,meta,0.2191,1.806,3.549,1.668,in_window,-0.465,5.767,0.0,0.0,up,flat,up,neither,16000;64000;256000
4,0.015,0.95,3,256000,99.8,meta,0.1401,1.826,3.571,1.541,in_window,-0.488,5.236,0.0,0.0,flat,flat,up,neither,16000;64000;256000
4,0.015,0.995,3,256000,91.3,meta,0.1621,1.535,2.340,1.332,in_window,-0.772,6.041,0.0,0.0,up,flat,up,neither,16000;64000;256000
4,0.015,0.999,3,256000,94.7,meta,0.0543,1.944,2.470,0.700,in_window,-0.555,4.309,0.0,0.0,up,flat,up,neither,16000;64000;256000
4,0.015,0.99,3,256000,97.1,meta,0.1384,1.850,2.800,1.395,in_window,-0.652,6.430,0.0,0.0,up,flat,up,neither,16000;64000;256000
4,0.015,0.9,3,256000,100.0,meta,0.0698,1.864,4.238,1.711,in_window,-0.393,5.237,0.0,0.0,up,flat,up,neither,16000;64000;256000
4,0.016,0.95,1,16000,99.9,meta,0.1077,1.852,3.226,0.971,in_window,-0.440,4.836,0.0,0.0,?,?,?,neither,16000
4,0.016,0.995,1,16000,92.9,meta,0.1441,1.673,2.096,0.752,in_window,-0.644,4.108,0.0,0.0,?,?,?,neither,16000
4,0.016,0.999,1,16000,67.7,meta,0.1353,1.883,1.228,0.382,in_window,-0.246,-0.291,0.0,0.0,?,?,?,REJECT: LCC 68% < 90%,16000
4,0.016,0.99,1,16000,98.2,meta,0.1149,1.853,2.648,0.793,in_window,-0.560,4.671,0.0,0.0,?,?,?,neither,16000
4,0.016,0.9,1,16000,100.0,meta,0.1039,1.861,3.464,1.087,in_window,-0.406,4.723,0.0,0.0,?,?,?,neither,16000
4,0.03,0.95,2,64000,100.0,meta,0.0006,1.902,4.412,1.400,in_window,-0.392,4.584,0.0,0.0,flat,flat,up,neither,16000;64000
4,0.03,0.995,2,64000,100.0,meta,0.0182,1.900,4.539,1.077,in_window,-0.400,3.704,0.0,0.0,flat,flat,up,neither,16000;64000
4,0.03,0.99,2,64000,100.0,meta,0.0040,1.904,4.634,1.346,in_window,-0.390,4.475,0.0,0.0,flat,flat,up,neither,16000;64000
4,0.03,0.9,2,64000,100.0,meta,0.0004,1.911,4.491,1.467,in_window,-0.383,4.787,0.0,0.0,flat,flat,up,neither,16000;64000
4,0.05,0.95,2,64000,100.0,meta,0.0006,1.933,4.776,1.471,in_window,-0.372,4.927,0.0,0.0,flat,flat,up,neither,16000;64000
4,0.05,0.995,2,64000,100.0,meta,0.0047,1.925,4.829,1.487,in_window,-0.355,5.005,0.0,0.0,flat,flat,up,neither,16000;64000
4,0.05,0.999,2,64000,99.9,meta,0.0082,1.986,5.749,1.121,in_window,-0.268,4.444,0.0,0.0,up,flat,up,neither,16000;64000
4,0.05,0.99,2,64000,100.0,meta,0.0026,1.936,4.772,1.484,in_window,-0.370,5.009,0.0,0.0,flat,flat,up,neither,16000;64000
4,0.05,0.9,2,64000,100.0,meta,0.0003,1.915,4.816,1.467,in_window,-0.357,4.901,0.0,0.0,flat,flat,up,neither,16000;64000
4,0.0,0.95,3,256000,98.9,meta,0.2876,1.733,3.045,1.633,in_window,-0.547,7.179,0.0,0.0,up,flat,up,neither,16000;64000;256000
4,0.0,0.995,3,256000,93.2,meta,0.1431,1.596,2.372,1.340,in_window,-0.671,6.030,0.0,0.0,up,flat,up,neither,16000;64000;256000
4,0.0,0.999,3,256000,6.1,meta,0.3384,1.780,1.035,0.138,in_window,-0.226,-1.599,0.0,0.0,flat,flat,up,REJECT: LCC 6% < 90%,16000;64000;256000
4,0.0,0.99,3,256000,97.5,meta,0.1314,1.832,2.747,1.448,in_window,-0.604,6.572,0.0,0.0,flat,flat,up,neither,16000;64000;256000
4,0.0,0.9,3,256000,99.8,meta,0.2336,1.801,3.542,1.673,in_window,-0.464,6.007,0.0,0.0,up,flat,up,neither,16000;64000;256000
5,0.001,0.95,1,16000,99.9,meta,0.2574,1.935,2.818,0.945,in_window,-0.289,4.630,0.0,0.0,?,?,?,neither,16000
5,0.001,0.995,1,16000,95.3,meta,0.2001,1.212,1.758,0.746,in_window,-0.464,3.749,0.0,0.0,?,?,?,neither,16000
5,0.001,0.999,1,16000,87.4,meta,0.0996,2.024,1.452,0.502,in_window,-0.147,-0.516,0.0,0.0,?,?,?,REJECT: LCC 87% < 90%,16000
5,0.001,0.99,1,16000,97.3,meta,0.2535,1.337,1.937,0.822,in_window,-0.437,4.137,0.0,0.0,?,?,?,neither,16000
5,0.001,0.9,1,16000,100.0,meta,0.2217,1.956,3.381,1.057,in_window,-0.251,3.656,0.0,0.0,?,?,?,neither,16000
5,0.004,0.95,1,16000,99.9,meta,0.2598,1.934,2.852,0.997,in_window,-0.306,4.807,0.0,0.0,?,?,?,neither,16000
5,0.004,0.995,1,16000,94.0,meta,0.2078,1.187,1.713,0.749,in_window,-0.478,3.766,0.0,0.0,?,?,?,neither,16000
5,0.004,0.999,1,16000,85.1,meta,0.1056,2.010,1.428,0.494,in_window,-0.146,-0.528,0.0,0.0,?,?,?,REJECT: LCC 85% < 90%,16000
5,0.004,0.99,1,16000,97.3,meta,0.2387,1.390,1.925,0.812,in_window,-0.428,4.136,0.0,0.0,?,?,?,neither,16000
5,0.004,0.9,1,16000,100.0,meta,0.2215,1.954,3.390,1.068,in_window,-0.250,3.684,0.0,0.0,?,?,?,neither,16000
5,0.005,0.95,3,256000,99.9,meta,0.2477,1.893,3.431,1.365,in_window,-0.315,4.153,0.0,0.0,up,flat,up,neither,16000;64000;256000
5,0.005,0.995,3,256000,95.6,meta,0.1890,1.276,2.099,1.247,in_window,-0.529,5.527,0.0,0.0,up,flat,up,neither,16000;64000;256000
5,0.005,0.99,3,256000,97.8,meta,0.2251,1.456,2.327,1.341,in_window,-0.473,6.054,0.0,0.0,up,flat,up,neither,16000;64000;256000
5,0.005,0.9,3,256000,100.0,meta,0.2204,1.919,3.890,1.655,in_window,-0.277,4.589,0.0,0.0,flat,flat,up,neither,16000;64000;256000
5,0.015,0.95,3,256000,100.0,meta,0.0078,2.031,5.442,1.596,in_window,-0.238,6.008,0.0,0.0,up,flat,up,neither,16000;64000;256000
5,0.015,0.995,3,256000,99.3,meta,0.0796,2.004,3.092,0.847,in_window,-0.393,3.559,0.0,0.0,flat,flat,up,neither,16000;64000;256000
5,0.015,0.99,3,256000,99.9,meta,0.0551,1.967,5.923,0.253,in_window,-0.306,2.416,0.0,0.0,up,flat,down,neither,16000;64000;256000
5,0.015,0.9,3,256000,100.0,meta,0.0026,1.996,5.437,1.672,in_window,-0.213,6.279,0.0,0.0,up,flat,up,neither,16000;64000;256000
5,0.016,0.95,1,16000,100.0,meta,0.0216,2.033,4.626,0.980,in_window,-0.247,3.198,0.0,0.0,?,?,?,neither,16000
5,0.016,0.995,1,16000,99.7,meta,0.0628,2.021,3.415,0.217,in_window,-0.305,2.221,0.0,0.0,?,?,?,neither,16000
5,0.016,0.99,1,16000,100.0,meta,0.0439,2.034,4.287,0.491,in_window,-0.271,1.908,0.0,0.0,?,?,?,neither,16000
5,0.016,0.9,1,16000,100.0,meta,0.0157,2.009,4.647,1.060,in_window,-0.224,3.437,0.0,0.0,?,?,?,neither,16000
5,0.03,0.95,2,64000,100.0,meta,0.0007,1.989,5.232,1.406,in_window,-0.223,5.069,0.0,0.0,flat,flat,up,neither,16000;64000
5,0.03,0.995,2,64000,100.0,meta,0.0053,2.009,5.245,1.454,in_window,-0.224,5.277,0.0,0.0,flat,flat,up,neither,16000;64000
5,0.03,0.999,2,64000,99.8,meta,0.0085,2.051,6.252,0.961,in_window,-0.169,3.855,0.0,0.0,up,flat,up,neither,16000;64000
5,0.03,0.99,2,64000,100.0,meta,0.0030,2.045,5.277,1.463,in_window,-0.224,5.289,0.0,0.0,flat,flat,up,neither,16000;64000
5,0.03,0.9,2,64000,100.0,meta,0.0004,2.006,5.219,1.415,in_window,-0.220,5.149,0.0,0.0,flat,flat,up,neither,16000;64000
5,0.05,0.95,2,64000,100.0,meta,0.0006,2.047,5.369,1.461,in_window,-0.211,5.399,0.0,0.0,flat,flat,up,neither,16000;64000
5,0.05,0.995,2,64000,100.0,meta,0.0041,2.008,5.219,1.483,in_window,-0.209,5.371,0.0,0.0,flat,flat,up,neither,16000;64000
5,0.05,0.999,2,64000,99.9,meta,0.0058,2.078,5.712,1.396,in_window,-0.153,5.209,0.0,0.0,flat,flat,up,neither,16000;64000
5,0.05,0.99,2,64000,100.0,meta,0.0025,2.008,5.283,1.480,in_window,-0.202,5.421,0.0,0.0,flat,flat,up,neither,16000;64000
5,0.05,0.9,2,64000,100.0,meta,0.0003,2.013,5.326,1.485,in_window,-0.199,5.431,0.0,0.0,flat,flat,up,neither,16000;64000
5,0.0,0.95,3,256000,99.9,meta,0.2756,1.880,3.358,1.381,in_window,-0.329,4.476,0.0,0.0,up,flat,up,neither,16000;64000;256000
5,0.0,0.995,3,256000,98.7,meta,0.1092,1.923,2.518,1.098,in_window,-0.428,5.330,0.0,0.0,up,flat,up,neither,16000;64000;256000
5,0.0,0.999,3,256000,9.7,meta,0.3268,1.912,0.960,0.177,in_window,-0.151,-1.534,0.0,0.0,flat,flat,flat,REJECT: LCC 10% < 90%,16000;64000;256000
5,0.0,0.99,3,256000,99.6,meta,0.1015,1.968,3.122,0.933,in_window,-0.360,3.878,0.0,0.0,flat,flat,up,neither,16000;64000;256000
5,0.0,0.9,3,256000,100.0,meta,0.2215,1.911,3.871,1.650,in_window,-0.275,4.567,0.0,0.0,flat,flat,up,neither,16000;64000;256000
6,0.001,0.95,1,16000,100.0,meta,0.2337,2.026,3.234,0.943,in_window,-0.167,2.775,0.0,0.0,?,?,?,neither,16000
6,0.001,0.995,1,16000,94.5,meta,0.1867,1.405,1.819,0.710,in_window,-0.245,3.717,0.0,0.0,?,?,?,neither,16000
6,0.001,0.999,1,16000,95.8,meta,0.0577,2.092,2.145,0.295,in_window,-0.080,-1.083,0.0,0.0,?,?,?,neither,16000
6,0.001,0.99,1,16000,98.1,meta,0.2258,1.613,2.069,0.845,in_window,-0.226,4.338,0.0,0.0,?,?,?,neither,16000
6,0.001,0.9,1,16000,100.0,meta,0.2007,2.036,3.841,0.997,in_window,-0.147,2.671,0.0,0.0,?,?,?,neither,16000
6,0.004,0.95,1,16000,100.0,meta,0.2381,2.021,3.219,0.943,in_window,-0.164,2.744,0.0,0.0,?,?,?,neither,16000
6,0.004,0.995,1,16000,94.0,meta,0.1969,1.347,1.803,0.721,in_window,-0.245,3.727,0.0,0.0,?,?,?,neither,16000
6,0.004,0.999,1,16000,95.4,meta,0.0609,2.089,1.935,0.239,in_window,-0.078,-1.076,0.0,0.0,?,?,?,neither,16000
6,0.004,0.99,1,16000,98.7,meta,0.1796,1.949,2.279,0.764,in_window,-0.209,4.044,0.0,0.0,?,?,?,neither,16000
6,0.004,0.9,1,16000,100.0,meta,0.1985,2.042,3.893,0.989,in_window,-0.150,2.663,0.0,0.0,?,?,?,neither,16000
6,0.005,0.95,3,256000,100.0,meta,0.2282,1.999,3.656,1.510,in_window,-0.187,3.820,0.0,0.0,flat,flat,up,neither,16000;64000;256000
6,0.005,0.995,3,256000,93.5,meta,0.2088,1.288,2.100,1.302,in_window,-0.313,5.739,0.0,0.0,up,flat,up,neither,16000;64000;256000
6,0.005,0.999,3,256000,98.9,meta,0.0204,2.076,2.218,0.362,in_window,-0.081,-0.977,0.0,0.0,flat,flat,up,neither,16000;64000;256000
6,0.005,0.99,3,256000,97.6,meta,0.2457,1.534,2.471,1.394,in_window,-0.271,6.067,0.0,0.0,up,flat,up,neither,16000;64000;256000
6,0.005,0.9,3,256000,100.0,meta,0.1999,2.023,4.281,1.659,in_window,-0.170,5.047,0.0,0.0,flat,flat,up,neither,16000;64000;256000
6,0.015,0.95,3,256000,100.0,meta,0.0009,2.041,5.986,1.651,in_window,-0.135,6.490,0.0,0.0,up,flat,up,neither,16000;64000;256000
6,0.015,0.995,3,256000,100.0,meta,0.0319,2.074,6.170,0.139,in_window,-0.147,2.064,0.0,0.0,up,flat,up,neither,16000;64000;256000
6,0.015,0.999,3,256000,99.3,meta,0.0154,2.074,2.175,0.459,in_window,-0.080,-0.916,0.0,0.0,flat,flat,up,neither,16000;64000;256000
6,0.015,0.99,3,256000,100.0,meta,0.0219,2.090,6.034,1.270,in_window,-0.143,5.252,0.0,0.0,up,flat,up,neither,16000;64000;256000
6,0.015,0.9,3,256000,100.0,meta,0.0005,2.063,5.991,1.635,in_window,-0.142,6.536,0.0,0.0,up,flat,up,neither,16000;64000;256000
6,0.016,0.95,1,16000,100.0,meta,0.0011,2.072,5.198,1.135,in_window,-0.133,3.955,0.0,0.0,?,?,?,neither,16000
6,0.016,0.995,1,16000,100.0,meta,0.0295,2.065,5.063,0.490,in_window,-0.140,1.830,0.0,0.0,?,?,?,neither,16000
6,0.016,0.999,1,16000,97.7,meta,0.0388,2.077,2.541,0.488,in_window,-0.078,-1.138,0.0,0.0,?,?,?,neither,16000
6,0.016,0.99,1,16000,100.0,meta,0.0164,2.073,5.184,0.993,in_window,-0.131,3.443,0.0,0.0,?,?,?,neither,16000
6,0.016,0.9,1,16000,100.0,meta,0.0010,2.074,5.195,1.112,in_window,-0.128,3.872,0.0,0.0,?,?,?,neither,16000
6,0.03,0.95,2,64000,100.0,meta,0.0007,2.107,5.709,1.414,in_window,-0.122,5.484,0.0,0.0,flat,flat,up,neither,16000;64000
6,0.03,0.995,2,64000,100.0,meta,0.0045,2.082,5.652,1.459,in_window,-0.126,5.582,0.0,0.0,flat,flat,up,neither,16000;64000
6,0.03,0.999,2,64000,99.9,meta,0.0058,2.102,5.959,1.387,in_window,-0.086,5.356,0.0,0.0,flat,flat,up,neither,16000;64000
6,0.03,0.99,2,64000,100.0,meta,0.0030,2.087,5.591,1.434,in_window,-0.125,5.516,0.0,0.0,flat,flat,up,neither,16000;64000
6,0.03,0.9,2,64000,100.0,meta,0.0004,2.082,5.626,1.437,in_window,-0.119,5.523,0.0,0.0,flat,flat,up,neither,16000;64000
6,0.05,0.95,2,64000,100.0,meta,0.0006,2.103,5.708,1.473,in_window,-0.112,5.654,0.0,0.0,flat,flat,up,neither,16000;64000
6,0.05,0.995,2,64000,100.0,meta,0.0037,2.103,5.688,1.457,in_window,-0.124,5.570,0.0,0.0,flat,flat,up,neither,16000;64000
6,0.05,0.999,2,64000,100.0,meta,0.0047,2.122,5.987,1.431,in_window,-0.079,5.580,0.0,0.0,flat,flat,up,neither,16000;64000
6,0.05,0.99,2,64000,100.0,meta,0.0026,2.067,5.668,1.465,in_window,-0.122,5.637,0.0,0.0,flat,flat,up,neither,16000;64000
6,0.05,0.9,2,64000,100.0,meta,0.0004,2.114,5.725,1.468,in_window,-0.110,5.667,0.0,0.0,flat,flat,up,neither,16000;64000
6,0.0,0.95,3,256000,100.0,meta,0.2514,1.992,3.598,1.550,in_window,-0.189,3.914,0.0,0.0,flat,flat,up,neither,16000;64000;256000
6,0.0,0.995,3,256000,98.6,meta,0.0894,2.068,2.855,0.909,in_window,-0.218,3.042,0.0,0.0,flat,flat,up,neither,16000;64000;256000
6,0.0,0.999,3,256000,26.2,meta,0.3076,1.974,0.910,0.216,in_window,-0.090,-1.317,0.0,0.0,flat,flat,up,REJECT: LCC 26% < 90%,16000;64000;256000
6,0.0,0.99,3,256000,99.7,meta,0.0801,2.072,4.751,0.377,in_window,-0.180,1.732,0.0,0.0,up,flat,up,neither,16000;64000;256000
6,0.0,0.9,3,256000,100.0,meta,0.2010,2.030,4.252,1.656,in_window,-0.169,5.037,0.0,0.0,flat,flat,up,neither,16000;64000;256000
7,0.001,0.95,1,16000,100.0,meta,0.1783,2.102,3.988,0.767,in_window,-0.074,1.992,0.0,0.0,?,?,?,neither,16000
7,0.001,0.995,1,16000,98.7,meta,0.1626,1.644,1.897,0.595,in_window,-0.094,2.579,0.0,0.0,?,?,?,neither,16000
7,0.001,0.99,1,16000,99.8,meta,0.2039,1.886,2.217,0.648,in_window,-0.098,3.415,0.0,0.0,?,?,?,neither,16000
7,0.001,0.9,1,16000,100.0,meta,0.1680,2.089,4.406,0.878,in_window,-0.072,2.631,0.0,0.0,?,?,?,neither,16000
7,0.004,0.95,1,16000,100.0,meta,0.1976,2.087,3.813,0.815,in_window,-0.075,2.009,0.0,0.0,?,?,?,neither,16000
7,0.004,0.995,1,16000,98.1,meta,0.1947,1.326,1.744,0.670,in_window,-0.115,3.531,0.0,0.0,?,?,?,neither,16000
7,0.004,0.999,1,16000,98.2,meta,0.0383,2.117,2.304,0.632,in_window,-0.026,-1.346,0.0,0.0,?,?,?,neither,16000
7,0.004,0.99,1,16000,99.8,meta,0.1726,2.083,2.408,0.575,in_window,-0.091,2.712,0.0,0.0,?,?,?,neither,16000
7,0.004,0.9,1,16000,100.0,meta,0.1709,2.090,4.370,0.871,in_window,-0.072,2.592,0.0,0.0,?,?,?,neither,16000
7,0.005,0.95,3,256000,100.0,meta,0.1743,2.080,4.218,1.467,in_window,-0.088,4.497,0.0,0.0,flat,flat,up,neither,16000;64000;256000
7,0.005,0.995,3,256000,98.7,meta,0.1652,1.550,2.347,1.035,in_window,-0.139,4.995,0.0,0.0,up,flat,up,neither,16000;64000;256000
7,0.005,0.999,3,256000,99.5,meta,0.0130,2.156,1.933,0.486,in_window,-0.020,-1.093,0.0,0.0,down,flat,flat,neither,16000;64000;256000
7,0.005,0.99,3,256000,99.7,meta,0.1821,2.041,2.892,0.862,in_window,-0.123,3.604,0.0,0.0,up,flat,up,neither,16000;64000;256000
7,0.005,0.9,3,256000,100.0,meta,0.1699,2.087,4.814,1.541,in_window,-0.082,5.311,0.0,0.0,flat,flat,up,neither,16000;64000;256000
7,0.015,0.95,3,256000,100.0,meta,0.0004,2.136,6.378,1.624,in_window,-0.066,6.748,0.0,0.0,up,flat,up,neither,16000;64000;256000
7,0.015,0.995,3,256000,100.0,meta,0.0101,2.144,6.380,1.560,in_window,-0.067,6.487,0.0,0.0,up,flat,up,neither,16000;64000;256000
7,0.015,0.99,3,256000,100.0,meta,0.0052,2.145,6.334,1.636,in_window,-0.066,6.830,0.0,0.0,up,flat,up,neither,16000;64000;256000
7,0.015,0.9,3,256000,100.0,meta,0.0002,2.120,6.422,1.663,in_window,-0.067,6.898,0.0,0.0,up,flat,up,neither,16000;64000;256000
7,0.016,0.95,1,16000,100.0,meta,0.0013,2.101,5.429,1.178,in_window,-0.062,4.162,0.0,0.0,?,?,?,neither,16000
7,0.016,0.995,1,16000,100.0,meta,0.0105,2.105,5.359,1.136,in_window,-0.061,4.028,0.0,0.0,?,?,?,neither,16000
7,0.016,0.99,1,16000,100.0,meta,0.0042,2.106,5.401,1.191,in_window,-0.060,4.219,0.0,0.0,?,?,?,neither,16000
7,0.016,0.9,1,16000,100.0,meta,0.0012,2.108,5.453,1.158,in_window,-0.061,4.096,0.0,0.0,?,?,?,neither,16000
7,0.03,0.95,2,64000,100.0,meta,0.0007,2.143,5.974,1.457,in_window,-0.053,5.734,0.0,0.0,flat,flat,up,neither,16000;64000
7,0.03,0.995,2,64000,100.0,meta,0.0044,2.114,6.082,1.461,in_window,-0.060,5.815,0.0,0.0,flat,flat,up,neither,16000;64000
7,0.03,0.999,2,64000,100.0,meta,0.0049,2.133,6.240,1.413,in_window,-0.018,5.602,0.0,0.0,flat,flat,up,neither,16000;64000
7,0.03,0.99,2,64000,100.0,meta,0.0028,2.119,5.849,1.456,in_window,-0.059,5.632,0.0,0.0,flat,flat,up,neither,16000;64000
7,0.03,0.9,2,64000,100.0,meta,0.0004,2.157,6.058,1.446,in_window,-0.050,5.736,0.0,0.0,flat,flat,up,neither,16000;64000
7,0.05,0.95,2,64000,100.0,meta,0.0007,2.150,6.089,1.435,in_window,-0.042,5.730,0.0,0.0,flat,flat,up,neither,16000;64000
7,0.05,0.995,2,64000,100.0,meta,0.0035,2.095,5.810,1.460,in_window,-0.056,5.665,0.0,0.0,flat,flat,up,neither,16000;64000
7,0.05,0.999,2,64000,100.0,meta,0.0043,2.180,6.276,1.465,in_window,-0.010,5.846,0.0,0.0,flat,flat,up,neither,16000;64000
7,0.05,0.99,2,64000,100.0,meta,0.0025,2.107,5.820,1.462,in_window,-0.056,5.691,0.0,0.0,flat,flat,up,neither,16000;64000
7,0.05,0.9,2,64000,100.0,meta,0.0004,2.172,6.001,1.431,in_window,-0.038,5.789,0.0,0.0,flat,flat,up,neither,16000;64000
7,0.0,0.95,3,256000,100.0,meta,0.2264,2.048,3.875,1.532,in_window,-0.092,4.243,0.0,0.0,flat,flat,up,neither,16000;64000;256000
7,0.0,0.999,3,256000,43.6,meta,0.2903,2.029,0.887,0.317,in_window,-0.048,-1.170,0.0,0.0,flat,flat,up,REJECT: LCC 44% < 90%,16000;64000;256000
7,0.0,0.99,3,256000,100.0,meta,0.0649,2.106,5.187,0.254,in_window,-0.080,1.100,0.0,0.0,up,flat,up,neither,16000;64000;256000
7,0.0,0.9,3,256000,100.0,meta,0.1807,2.078,4.706,1.584,in_window,-0.084,5.345,0.0,0.0,flat,flat,up,neither,16000;64000;256000
8,0.001,0.95,1,16000,100.0,meta,0.1739,2.109,4.382,0.673,in_window,-0.007,2.018,0.0,0.0,?,?,?,neither,16000
8,0.001,0.995,1,16000,98.4,meta,0.1884,1.514,1.880,0.692,in_window,-0.010,3.458,0.0,0.0,?,?,?,neither,16000
8,0.001,0.99,1,16000,99.9,meta,0.1618,2.098,2.803,0.521,in_window,-0.007,0.950,0.0,0.0,?,?,?,neither,16000
8,0.001,0.9,1,16000,100.0,meta,0.1379,2.142,4.990,0.824,in_window,-0.008,2.848,0.0,0.0,?,?,?,neither,16000
8,0.004,0.95,1,16000,100.0,meta,0.1982,2.115,4.183,0.711,in_window,-0.009,1.943,0.0,0.0,?,?,?,neither,16000
8,0.004,0.995,1,16000,98.6,meta,0.1629,1.918,1.975,0.593,in_window,-0.007,0.486,0.0,0.0,?,?,?,neither,16000
8,0.004,0.9,1,16000,100.0,meta,0.1549,2.128,4.847,0.830,in_window,-0.008,2.776,0.0,0.0,?,?,?,neither,16000
8,0.005,0.95,3,256000,100.0,meta,0.1531,2.105,4.774,1.368,in_window,-0.011,4.804,0.0,0.0,flat,flat,up,neither,16000;64000;256000
8,0.005,0.995,3,256000,98.6,meta,0.1691,1.683,2.431,1.014,in_window,-0.016,4.036,0.0,0.0,up,flat,up,neither,16000;64000;256000
8,0.005,0.99,3,256000,99.8,meta,0.1559,2.090,3.841,0.531,in_window,-0.009,1.354,0.0,0.0,up,flat,flat,neither,16000;64000;256000
8,0.005,0.9,3,256000,100.0,meta,0.1397,2.096,5.364,1.421,in_window,-0.011,5.437,0.0,0.0,flat,flat,up,neither,16000;64000;256000
8,0.015,0.95,3,256000,100.0,meta,0.0004,2.134,6.665,1.653,in_window,-0.001,6.985,0.0,0.0,up,flat,up,neither,16000;64000;256000
8,0.015,0.995,3,256000,100.0,meta,0.0032,2.119,6.594,1.670,in_window,-0.004,7.004,0.0,0.0,up,flat,up,neither,16000;64000;256000
8,0.015,0.999,3,256000,100.0,meta,0.0050,2.195,8.912,1.115,in_window,0.042,5.211,0.0,0.0,up,flat,up,neither,16000;64000;256000
8,0.015,0.99,3,256000,100.0,meta,0.0020,2.124,6.748,1.660,in_window,-0.003,7.011,0.0,0.0,up,flat,up,neither,16000;64000;256000
8,0.015,0.9,3,256000,100.0,meta,0.0002,2.153,6.651,1.652,in_window,0.003,7.014,0.0,0.0,up,flat,up,neither,16000;64000;256000
8,0.016,0.95,1,16000,100.0,meta,0.0020,2.183,5.580,1.167,in_window,-0.005,4.217,0.0,0.0,?,?,?,neither,16000
8,0.016,0.995,1,16000,100.0,meta,0.0049,2.184,5.557,1.194,in_window,-0.004,4.230,0.0,0.0,?,?,?,neither,16000
8,0.016,0.999,1,16000,99.5,meta,0.0152,2.157,6.416,0.503,in_window,0.032,2.426,0.0,0.0,?,?,?,neither,16000
8,0.016,0.99,1,16000,100.0,meta,0.0034,2.186,5.660,1.197,in_window,-0.004,4.250,0.0,0.0,?,?,?,neither,16000
8,0.016,0.9,1,16000,100.0,meta,0.0012,2.188,5.635,1.170,in_window,-0.003,4.210,0.0,0.0,?,?,?,neither,16000
8,0.03,0.95,2,64000,100.0,meta,0.0008,2.184,6.263,1.421,in_window,0.007,5.713,0.0,0.0,flat,flat,up,neither,16000;64000
8,0.03,0.995,2,64000,100.0,meta,0.0037,2.164,6.122,1.464,in_window,-0.001,5.808,0.0,0.0,flat,flat,up,neither,16000;64000
8,0.03,0.999,2,64000,100.0,meta,0.0045,2.149,6.353,1.414,in_window,0.042,5.664,0.0,0.0,flat,flat,up,neither,16000;64000
8,0.03,0.99,2,64000,100.0,meta,0.0028,2.156,6.127,1.463,in_window,-0.001,5.803,0.0,0.0,flat,flat,up,neither,16000;64000
8,0.03,0.9,2,64000,100.0,meta,0.0004,2.180,6.197,1.444,in_window,0.012,5.786,0.0,0.0,flat,flat,up,neither,16000;64000
8,0.05,0.95,2,64000,100.0,meta,0.0008,2.160,6.179,1.438,in_window,0.018,5.721,0.0,0.0,flat,flat,up,neither,16000;64000
8,0.05,0.995,2,64000,100.0,meta,0.0033,2.170,6.521,1.447,in_window,0.005,5.763,0.0,0.0,up,flat,up,neither,16000;64000
8,0.05,0.999,2,64000,100.0,meta,0.0040,2.183,6.276,1.460,in_window,0.055,5.769,0.0,0.0,flat,flat,up,neither,16000;64000
8,0.05,0.99,2,64000,100.0,meta,0.0027,2.163,6.154,1.437,in_window,0.005,5.723,0.0,0.0,flat,flat,up,neither,16000;64000
8,0.05,0.9,2,64000,100.0,meta,0.0004,2.143,6.349,1.437,in_window,0.023,5.754,0.0,0.0,flat,flat,up,neither,16000;64000
8,0.0,0.95,3,256000,100.0,meta,0.2028,2.071,4.294,1.455,in_window,-0.013,4.581,0.0,0.0,flat,flat,up,neither,16000;64000;256000
8,0.0,0.999,3,256000,70.5,meta,0.2642,1.493,1.095,0.745,in_window,-0.002,0.908,0.0,0.0,up,down,up,REJECT: LCC 71% < 90%,16000;64000;256000
8,0.0,0.99,3,256000,100.0,meta,0.0547,2.176,5.791,0.302,in_window,-0.007,2.350,0.0,0.0,flat,flat,up,neither,16000;64000;256000
8,0.0,0.9,3,256000,100.0,meta,0.1624,2.081,5.191,1.472,in_window,-0.012,5.480,0.0,0.0,flat,flat,up,neither,16000;64000;256000
9,0.001,0.95,1,16000,100.0,meta,0.1570,2.159,4.858,0.578,in_window,0.053,2.090,0.0,0.0,?,?,?,neither,16000
9,0.001,0.995,1,16000,99.4,meta,0.1733,2.125,1.994,0.524,in_window,0.036,-1.413,0.0,0.0,?,?,?,neither,16000
9,0.001,0.999,1,16000,99.3,meta,0.0211,2.218,6.331,0.490,in_window,0.081,1.587,0.0,0.0,?,?,?,neither,16000
9,0.001,0.9,1,16000,100.0,meta,0.1335,2.157,5.233,0.806,in_window,0.049,2.891,0.0,0.0,?,?,?,neither,16000
9,0.004,0.95,1,16000,100.0,meta,0.1356,2.177,5.062,0.582,in_window,0.052,2.213,0.0,0.0,?,?,?,neither,16000
9,0.004,0.995,1,16000,99.8,meta,0.1201,2.145,2.464,0.224,in_window,0.039,-1.449,0.0,0.0,?,?,?,neither,16000
9,0.004,0.9,1,16000,100.0,meta,0.1293,2.160,5.302,0.802,in_window,0.049,2.895,0.0,0.0,?,?,?,neither,16000
9,0.005,0.95,3,256000,100.0,meta,0.1024,2.123,5.857,1.185,in_window,0.055,5.100,0.0,0.0,flat,flat,up,neither,16000;64000;256000
9,0.005,0.995,3,256000,99.8,meta,0.1263,2.129,2.506,0.491,in_window,0.034,-0.989,0.0,0.0,flat,flat,up,neither,16000;64000;256000
9,0.005,0.9,3,256000,100.0,meta,0.1104,2.159,5.959,1.409,in_window,0.053,5.864,0.0,0.0,flat,flat,up,neither,16000;64000;256000
9,0.015,0.95,3,256000,100.0,meta,0.0004,2.184,6.852,1.671,in_window,0.062,7.138,0.0,0.0,up,flat,up,neither,16000;64000;256000
9,0.015,0.995,3,256000,100.0,meta,0.0028,2.163,6.779,1.649,in_window,0.056,7.005,0.0,0.0,up,flat,up,neither,16000;64000;256000
9,0.015,0.999,3,256000,100.0,meta,0.0043,2.204,7.570,1.629,in_window,0.098,6.919,0.0,0.0,up,flat,up,neither,16000;64000;256000
9,0.015,0.99,3,256000,100.0,meta,0.0019,2.156,6.681,1.666,in_window,0.055,7.052,0.0,0.0,flat,flat,up,neither,16000;64000;256000
9,0.015,0.9,3,256000,100.0,meta,0.0002,2.191,6.973,1.658,in_window,0.065,7.141,0.0,0.0,up,flat,up,neither,16000;64000;256000
9,0.016,0.95,1,16000,100.0,meta,0.0025,2.183,5.841,1.194,in_window,0.049,4.324,0.0,0.0,?,?,?,neither,16000
9,0.016,0.995,1,16000,100.0,meta,0.0050,2.167,5.759,1.189,in_window,0.049,4.291,0.0,0.0,?,?,?,neither,16000
9,0.016,0.999,1,16000,99.6,meta,0.0108,2.199,6.096,1.028,in_window,0.087,3.666,0.0,0.0,?,?,?,neither,16000
9,0.016,0.99,1,16000,100.0,meta,0.0037,2.153,5.768,1.200,in_window,0.050,4.295,0.0,0.0,?,?,?,neither,16000
9,0.016,0.9,1,16000,100.0,meta,0.0013,2.166,5.753,1.192,in_window,0.053,4.303,0.0,0.0,?,?,?,neither,16000
9,0.03,0.95,2,64000,100.0,meta,0.0008,2.160,6.353,1.462,in_window,0.065,5.750,0.0,0.0,flat,flat,up,neither,16000;64000
9,0.03,0.995,2,64000,100.0,meta,0.0036,2.201,6.399,1.457,in_window,0.055,5.806,0.0,0.0,flat,flat,up,neither,16000;64000
9,0.03,0.999,2,64000,100.0,meta,0.0040,2.183,6.623,1.434,in_window,0.100,5.726,0.0,0.0,flat,flat,up,neither,16000;64000
9,0.03,0.99,2,64000,100.0,meta,0.0026,2.207,6.425,1.452,in_window,0.056,5.839,0.0,0.0,flat,flat,up,neither,16000;64000
9,0.03,0.9,2,64000,100.0,meta,0.0005,2.172,6.621,1.459,in_window,0.069,5.783,0.0,0.0,flat,flat,up,neither,16000;64000
9,0.05,0.95,2,64000,100.0,meta,0.0008,2.186,6.469,1.434,in_window,0.078,5.746,0.0,0.0,flat,flat,up,neither,16000;64000
9,0.05,0.995,2,64000,100.0,meta,0.0030,2.210,6.459,1.401,in_window,0.066,5.669,0.0,0.0,flat,flat,up,neither,16000;64000
9,0.05,0.999,2,64000,100.0,meta,0.0037,2.204,6.604,1.442,in_window,0.107,5.738,0.0,0.0,flat,flat,up,neither,16000;64000
9,0.05,0.99,2,64000,100.0,meta,0.0025,2.210,6.351,1.405,in_window,0.065,5.677,0.0,0.0,flat,flat,flat,neither,16000;64000
9,0.05,0.9,2,64000,100.0,meta,0.0005,2.210,6.599,1.429,in_window,0.084,5.791,0.0,0.0,flat,flat,up,neither,16000;64000
9,0.0,0.95,3,256000,100.0,meta,0.1827,2.132,4.813,1.320,in_window,0.057,4.712,0.0,0.0,flat,flat,up,neither,16000;64000;256000
9,0.0,0.999,3,256000,79.4,meta,0.2464,0.619,1.410,0.895,in_window,0.135,4.003,0.0,0.0,up,down,up,REJECT: LCC 79% < 90%,16000;64000;256000
9,0.0,0.99,3,256000,100.0,meta,0.0480,2.118,6.566,0.229,in_window,0.056,2.752,0.0,0.0,flat,flat,up,neither,16000;64000;256000
9,0.0,0.9,3,256000,100.0,meta,0.1465,2.138,5.651,1.408,in_window,0.053,5.645,0.0,0.0,flat,flat,up,neither,16000;64000;256000
